{"cameraMode":{"drawMode":0,"name":"Shaded","section":"Shading Mode"},"sceneLighting":false,"audioPlay":true,"sceneViewState":{"showFog":true,"showMaterialUpdate":true,"showSkybox":false,"showFlares":true,"showImageEffects":true,"showParticleSystems":true},"in2DMode":false,"pivot":{"x":1046.272216796875,"y":705.8099975585938,"z":-1.3499994277954102},"rotation":{"x":0.18290957808494569,"y":-0.2539517879486084,"z":0.0489678792655468,"w":0.9485055208206177},"size":8.6201810836792,"orthographic":false}